0xfd4c0f5848642fc2041c003cb684fc66b16217bc,250
0xac4ba9e98e97294c7d3e3e2d19c7a936e187b1bf,250
0x7a218b4687cc8a30905132a5cb6e9df84d8914f3,250
0x9f413eb6207259443716cd730f1d3d934ecf780e,250
0x2bd644dce0a8ffd8dbfad8676f20a24e0ec23a97,250
0xf89d8021ea119402c75087493d1477f22ef9bb19,250
0xe49848dde0397c9d48e5d94e7af75cc61933825d,250
0xa46b039e2ca7274be224eca77454402aec700ad2,250
0xd8b78eaeabb0f26374ca050228f85e75c1788102,250
0x29c0ae116fe003edcb73a24e7a1cd1829deec793,250
0xe3d040f6bd442b16339d6c9f7aeb6a0289e9c018,250
0xc9028efc95c848b7e8383223ec5196ddae3e1d94,250
0x4b411e2d18d256ba8b1d94382f2d2ac72dc75378,250
0x90a899c62d859017b250f21c5fe0fd0ad0849101,250
0xc2342c77a6029c0c598f7f059e8fb854eda4efbe,250
0x8931917b2bd50900a5ed72dc0721a3b66ed4fb4d,250
0x5a6fe61709eb43b8c1a689eff5b2680a394c6466,250
0x93597de43e05130862649f2c008e94e238a7d9a7,250
0xf2096409fdc38ac4a388890d9532752fc96af9d9,250
0xefed624971e37b504dff6872fe7d6ea6e68d5314,250
0xe0bf8ddc07afce89b7bc652e937d71b58c10463f,250
0x7b930850e6f2a32e9f1e007a336fd23c51ec6f7d,250
0x90fbe1496aa5d896045b3db8f53656f15dd2db49,250
0x933592496f8fada7ac6d0eb76eb0f119acfd5544,250
0xe2bd385bc3a44336ed1e99d61f3142959c79522b,250
0x3632eee633765f25da6cd83bebf6ce4ec3e572c3,250
0xa0b02aac8b32698c4c2b9277202b75a04af40eb4,250
0x938c45f0ef7ea67f8e11a51b68755f1d709a51fd,250
0x10ba65584fd0d860d7c56439aad24e58852af4ae,250
0xa081957f7319252624add9a74e212e01af12b2d5,250
0xe6bd5723f9a2fbf5f3f9a997bc51d10a07feee4e,250
0xb7f775aee458e3ca4480dde72b652b43d3a5e646,250
0xc51f5e0c7c4d7e8b9b446810c160238ccaebe398,250
0x6b91c91e35460975413a3044dc4d176cb8dd20d3,250
0x45734d30deac3ee5760ad824fd7489b6f4c324de,250
0x6bc4febd0e5402e7290953da1f2e725128d71344,250
0xa76bad77a17de112ac15e76ecbe93dc79f7d3ced,250
0xca529168e01cf972dcca042ad4e514a84a30a538,250
0xbbabb886d63654e1e40c71e8a6d7cf7e1b7f6a32,250
0xb94bd230b89d4614e78a77500173b53041826702,250
0x1aa41bc70ab0a19c21c8f9afdb045c7b3cf9554f,250
0x0da86daf4c4945656eac71244f83b66e88289900,250
0xd56bfeeae1f84795b88b57728de74c9d25402827,250
0xb8128adcbdfe10318c4c797375fb0fec6f203de3,250
0x95cacca0b67b5cef5f9b645c351cb635fe6a6234,250
0x02b89240e393211734bcb1d856949cbe540c48c7,250
0x366730a19efa29ac3037caf2fb9546eea2377e59,250
0x6799ae8631ad39821f89e6c2a01a9dd48c5cebba,250
0x3b6f7ec47128a113620162d279de87a1407aeb26,250
0xd3e4cde3b0b663cce8dd471fecf1301f0009e464,250
0x74c59dc9d1a0c2c19f2bb88a6953aec1544b52ec,250
0x9a9e8eb3ffdf641d3dedd30b5a4eae7fa85fc5af,250
0x438033159a5a905d3b1282c6c3c6143088ec0ea8,250
0x330345d83c7b296b7544c5943dab49a61c2bc2e7,250
0xac2574de3441b09f03a40ff78655e61ef174fcef,250
0xbc883dc46603020298a25b158f39a750ca7810f6,250
0x0202a81f0b0555a8a32cf8ed4b0c58f0085c1fdf,250
0x6fb8bbd937626011bba54257212c5fe65bf675d9,250
0xcb1bc14828d6efe21aaf1e72554a594fec531568,250
0xa874f00e45d35bb6ce59a2435da02706b6dedcce,250
0x682a66bab48aaf9561430d5798cb26785c877eb0,250
0xe51dfb345bf22b2b728697f3b740ccd6e6130754,250
0x489bade5d84ecd08337e7a8712ddc75ffcf4d808,250
0x794c464d8bb5c00445477991b35b05e47b11252a,250
0x7ccc829bd81afc751eed05d92d614343345dc57f,250
0x960c6a774215d4dd713bd8c7a1997696673840b2,250
0x757a0b088fb9e1d97b92d4c826d27344a55e09ba,250
0x92a38cd9704f127785bd391ea78a3b5e4e52add5,250
0xb78750402fae6192733a7733bce5eeb516ab09fb,250
0x05a7915d6f684faa346210eb1c6df4ef50085858,250
0x56c5defe4b7c094e78d7a1160657c57207e6e119,250
0xad8d31e3370ded2e568ec3f870d5cc538d0e87b4,250
0xe6ec06b5bfc93c5dc488487d78652cc754d3a1b4,250
0xaee66c6ce36066163f09040648baa9e52e8696b7,250
0xbb11142193bd536b9f845afc4cbc700f30a3a306,250
0x4dec7dfa6b5ef78f533911fa1d0adc19cce79e70,250
0x3b4d22016f7449f3898a96f3a7f2f71becad1de1,250
0x5b847e0cda88b59e65653e271f98b511ac415e23,250
0x19f2b1ffb905642a8b4ec014fa2cc9e3b9feb184,250
0xb7237c2d338b1509aec15192ff53bffe3d91fbee,250
0x783df8d44f0f8787a66a5d4084464c4fd1c20196,250
0x2f1c806f2a2c10349e4c03c04a524c20b39204b5,250
0x77f0e001373f8cbe406b6ca0b147f72a38b1c80c,250
0x18b9da7e388256f908adab546b5dcb3624b30833,250
0x79e2e4092254d1b2fbf1ce1ae36f41f0ea402e00,250
0xd092522d89d07327c1167364d635584208953bd6,250
0x6a81edb89d39f0405034e5e476453faf3d8f6c26,250
0x5d079b9ceda159539a66accb980565e242f28063,250
0x30b14cdb20a86fc53268b5801d56903949fee40d,250
0x1a831ad26e1e2a5747f52204f7ef799570779245,250
0x3c8c8091394d3fe5ac8de33a1574241ee47f7ebb,250
0xbebc8a23e3e43a5b203d675e17c5bbf29835cee2,250
0xf6bd2f1d8f135bd1cefe5adceb43fed15bde4d16,250
0xbeddeed794ceef0eb6d785bbece9dd4881b1604c,250
0x2362d0e2038685f516f8fc6b18081bfa611bfe60,250
0xd08fcc6b0aa57436ddc1caee5bb614fe79df3e51,250
0x5188ab158048926e6152f16433a88e76e199f267,250
0xbadfe927a8d5ded9b9d30f576693e1554d261bf8,250
0x413c7be1cfdb2d250863806821180f049e815bc9,250
0x3a4bc338f4d95d6660510a8e23cf71628d65b938,250
0xda19c854add849ac41988c962218bc45954ce9d3,250
0xe9ad8ccbf69ed4fa9e1903a25ef14241d481b7d0,250
0x99c2ed79f8b6d430372bb3088758ae1d069a1605,250
0x0488b2ec725c551c237e4b1564a8a68cefc82771,250
0x62ae69c3ef11c2b1e47ed061824eb712bc8bcd6c,250
0xc902ee7eff5ac28b1da9807d4376457787977d50,250
0x2e3a785872a8960933b85efd6d01e9fe638939db,250
0x4c6883781dbe6fc15507ff10bbeb49e97a31a217,250
0x0a05a124ce03251997eb9a6cf2d3964d0984fe79,250
0xc6c940056f2412ffdc3633454b4f8a2639c5fa05,250
0x67e1d69354cd8b972306f310d932148afc8a67da,250
0x0957dd34f78659de6e18ae0efddff4967568e198,250
0x8d1b28c63d74bcb92946a468871cf2a888398558,250
0xffba2b41049dcdd922a5d5bae56cd6755bffc736,250
0x239d930a5562f49f73ec24a28a63a898e07f077d,250
0xdaaba1968b150e3c33788c98749f04329393833e,250
0x33a4ab8278e9a1dbbbe10361f46407863a8c9868,250
0x2ca8a943d9832190be1aa2eddc669916f3b5abf6,250
0xef46ed61e8030a0354ed9c598649b6a3a57cc3bd,250
0xc4a53b4c77a2ed04c8cb05443c2fff9366ae5b61,250
0x9805d03cbfc96d97e071bf321da262b6e8380993,250
0x2a6611686d8e4c7ad8ff81dbf4d5fae13e80ca4f,250
0x8f98c8d0ddbd12aa3374378859f0476d2a79eb81,250
0x9908fa85eb718ae640d2d68b85f73b3d3a990b20,250
0x1116e32554d6be922a9694ec3ee63f7f89e3c72e,250
0x8ece46d0a817aaf0b71280835f659c2c1160f15d,250
0xf46d6052ac09d6b0d2342ef1783694f99d59b3de,250
0x3eb0c696e638b1d9cca901aabe36d410027de331,250
0xc0f1d9f22fdd7650650da4cf68c6d681d3ead4ca,250
0xc5311f806b35ae9214898f07bee81912574203b0,250
0xf41283b159c382e5993eab4811f03feec5ac1cff,250
0xcac102fd9424121991cac4d5240a837bbf38c62b,250
0xef9e4fc3e7bef00362252650f21fd35d1742578a,250
0xb22017ca7588934e7bade2fe868e6e28c7f34abc,250
0x00d08330d0d194a2bf5bcf2e77af0c9664fc4c42,250
0x0fb9cac315b2d9ac3a593d8112cec2645bfa86e0,250
0x25355f02d415c7a05350b01da2f71463bd86193b,250
0x0b92873bbbe417f2a0222a5a160285f8a6c00150,250
0x4d8f289a213836ac8ed4e2d82bed90e15090a6c7,250
0xedf184a655133416c98f5a8033421fee85ebcaab,250
0x47c11fc036d686edaeed20f1120dcaff8685bc59,250
0x27036f33bd09a71938e9ae9ad0e20521a382e970,250
0x47c11faad2a75b6190f80c50b526f854c076c264,250
0x1c0edae27913ac800085eea490ac07ff669b0d88,250
0xa724a5304c00ddbdc5cf75086fb199c45d51db8f,250
0x9d07a64c593be7490f972fd910c36d94767a73d7,250
0x1ed06e8a25719d331ef02a80d8747d38c399f63d,250
0x9035a650714c0b760c584bf0fe5409b0a82d53cc,250
0xca0d2ad575ad447674a60a32a351b3d12fb2bbb0,250
0x7a349dbb7fdab4e52947d9a62680238caf11b879,250
0xca871dbff8b7cdf2600e9b72989d690638ede092,250
0x41f35f7fa678dc8567bd835515831b69c88cee14,250
0xf6c90735d9b545e04916b4b9f551dd7889238cfc,250
0x3c57fe8cafdf82d5fe6d84d4bbf7e3b96fde4335,250
0x72092edaac387a81736eb681b6952f87110bb42c,250
0x68a7371fb2ad4a017a89e741e46d193bc80f27cc,250
0xe3a488ec196bb469e4fcacc8ed307b83181b3cac,250
0xb27c6cb100938734b564e831e4742700dbf40ad2,250
0x6b090862dac1de16839dec470f837312222db94c,250
0xd172b9bde0b8e2facb793aa5581edecd2c65d2fb,250
0xbb8b820f76d09acd9b7698334f8ce5150b623c04,250
0xe46be5d8e55c2647a34ef2b80dfc1eb337c90739,250
0x0ba51e27b5e6ed6897104545e026cb8a2fcec23a,250
0x5131bb9b8a42843bee9eafe0807f2e9181da361c,250
0x19733ec7899b2fde8017e5c0c7b4fa07e5715900,250
0xd4ef94564d236cdce3fea8eb8a56bdb18ea38f03,250
0xea2cf3ddfc9581f8b6a1ecc90314c8fbffee29f6,250
0x7f2c184263f82f0a0b5c260a28c183dd0fa27331,250
0xd69fa68881256f25d0038ce1e98f889e979cd06f,250
0xc5077f5324e668a2d9a2c4a5b43c0dc3bc0dba82,250
0x3ff39e800ebc504717a5b7becd75ef9fa0bcf5f0,250
0xaea33cf3ecc765446c58f01acc9b5229fd6ca8f7,250
0x5d8841b144d7edea91fdfc8123771691c12893c7,250
0xab1087539c56098df3b454f02c59f999f823e627,250
0x4075c2eaa1f3c7bc4eed151e89865ea6a24fd166,250
0x25425cb0ba8233780e07e48c5c3e54d1d2701320,250
0x683c5f3f8963a9c10230731958de17b55a5175b4,250
0xf18eedd1f0226852a09a8b09513c37321f26521c,250
0x3a67483171c5c744055e4ae7b8fd3f874a0fadf3,250
0x957dac631d833819e2968ee6562d99cb51e19122,250
0x9a5f748e004a1e9b994e902944e90b325f6b8636,250
0x8465e60de58348c3c562f4e9fa3b73ef5a31909b,250
0x33a8d689e85fef405cfc9769ec7ba0f3fcfd80fc,250
0x65da232f6c1a0fef8a576edfc233986abd112fbc,250
0x33a96e11cbdb66725f9cb943f443da649a1a586b,250
0x7c8608740a76b33e2a9e91eb1380ec7dd8a1a64e,250
0x520ad93d221efb7a25b1fa34f5d6861f2fa1b922,250
0x7e53cf9fe1c1f0446c2725e8f4626c2717ced771,250
0x4305e2714446b5189ea990e7e8bd5f5abfb0cde1,250
0x976840fe307f2041698d67234d0f0c4a6d09d3b1,250
0x29303723bfabb74c2a16c37b21cd0a073ea911b4,250
0xecc961b533a5377d62e8002c98fa6dabf263f0c8,250
0x13abd23b6eafcbf48c84d5a36b48b1afe5ac04ea,250
0x8d3984094765f2e137e8788e163915cb24cf944d,250
0x96886609eccd995cc39bb516e83a4ede98686072,250
0x66e2ac6d329c6b37465c3379625b5fe50feda7c0,250
0x36e8b6b6025ca4ed7f0b8f32018c44b8cca47259,250
0xa94116acab1a03cc3ce8ceabb57d8686fd66558d,250
0x0ce6192db16f6c6fb60c25a14ec21ac67b04eb8b,250
0x3c02b3506cc4319defc7b688ee7fe426d86f656a,250
0x1de5e4f6dcb5394570613640bf00b3333a3df379,250
0xffdf457ee909b665c7a5a25141a0df61caed2e57,250
0x579f2cb4e00c815d5ac9b542b5d46431f5355ff4,250
0xa0a10d7dd064aa77401b50e6ad2363c012511e66,250
0xb3a461bc6c4d13311da82680511fd0aacf16f2e2,250
0x330614e65b3ad79d70e6253550cbeb7febd28933,250
0x55a15653cf0b53256f882afff9eadf103019358e,250
0xf8f85e889bdc063bd2e59be82a7704e87e5f4333,250
0x1af4adb0cb690abc30d39997ca057aec913d43a4,250
0x2ea006ddbe0fe54ee31108ca898647bfb623e2f8,250
0x51f1e57fa70d757fc863bdd96849336cebdec91a,250
0xf54a4ff3d47b0fe3f9a1e151d5e0355e785b5f8d,250
0x7bab57edf420ac4b245ff7b43a977fbc96b618ac,250
0x931305d31dba9b00279e479a5b111787056971bd,250
0xec55a0114f2b82ee64b4227544268e967ed570b5,250
0x3780556ec14bc802327f17b01f233dbf6ee78d50,250
0x25f516c5d829209031c4932547a15048c9f60bfe,250
0x83b27a8938e4cc505ed6046abf62e07796a0cee4,250
0xefca9354b6fcba112ffc8958aa4aaf9f691ea0cb,250
0x58acdbe2a33f9066d4425ec66c6d9f23663a2d61,250
0x42e36b706f7ef165153b2c59af61c4d7a08b8d6f,250
0xbd3cb5d79e33394a3456dd0f752dc97a900100ea,250
0x2459164726b80f5ad74d632fedb9638539aceecd,250
0x2579f7c803e3301a0a54c4775f6601f0703a36a6,250
0xa6548ada454494710d581cca8fbf0beadcab8c9b,250
0xd459a6776b06d97c811bd41b8a7ffaa36a02afb8,250
0x7c0978fd80603b715fbcf76ccff2604502409884,250
0x22e6621a444e01df24ac70f9f1eef2e52d6910de,250
0x64b3b4976b631e4ba42ef13536ca95342c0fec2a,250
0x3a69ed96148bddc8108978c34e637de423bc74b5,250
0x9e1de7996c7c5ee790415d216fac7ad1ed5f3c07,250
0xffd6ecdc32a3dab7bfc03ce42ae36e1c6d9a1722,250
0x728cef0f29201bd80dc96379f1954fb6858da430,250
0x81671203eb9aaf942b1bf8fedd2a2d96583f45b9,250
0x24d25509ab2858451e155c78f372959ff32c6902,250
0xe3e1da34977342a3d6e16b61fad1d4c37d5c7c45,250
0x25dacc0e144c88e3be63a65025308ad471081a30,250
0xe2dfe2a5ecc2f653d14941e348dbdb6905438baf,250
0x8a9f5489e8c53ae8d63c98a650dbfbcd712a9145,250
0x312f97b17991d7c9d8ec00199935eb70f29b9983,250
0xe44a330de4781d5446105967a29cbd48203756e5,250
0xce8496082e4ea05956a7b2226773d897ac81d839,250
0x6354bb5bae9591b73b5b04c68f060fab6aa4570c,250
0xff843a6f93768fabc2fa35da27f63590874bf834,250
0x0d9bd52daac47f98bbcc3de9f0a6835f98134b97,250
0x6d24732401d4156186b0764dbe4642957f0b7cd1,250
0x4575e80e2053cdbadb26e9e2a9c0a014e72e8133,250
0x016fcaaf3f3653db08b60990e77f02f46a97946e,250
0xbe374255b4a5ebddf0ae280bd80af1ed7e30d24e,250
0xc86ef178cf6af6307e27f5896f6abc78b7708dbc,250
0x305b41ebac47d2a8160ffacbe1232b7fcb960a52,250
0xeded7023ac54a83d1972d993c8ccae32f2937ccc,250
0x7183c9bdfe2c3e8c49a6b70e3bee3e979a650d2a,250
0x4d778b312e5d8121f7b47830a454417cbb182c07,250
0x5c92897f653c53d172a24f459322008e2076b00a,250
0x51d469c04d4a1632ded1cc3a1b8ccae81931fe19,250
0xc6ccc50b423d0fb7722308480b93e54dc91d8853,250
0xb76ebb7289a332a9f07fd3cdf06ba18e5e6a7f6e,250
0xbd3a79a7a53dc39244aaf1df2262b644c7064a9b,250
0x2bbcdec388389f548c4dac2bb0372b4d1ba54245,250
0xa14afcfaaf954816db0d48a2e11d8fd83263a5e3,250
0x2251b4581c53e3e1bb3245fdd08bd6f6b87862b5,250
0x991335aa1e75092e181f412e78eceab20f19a05a,250
0xbf5bf55936bd1af1e75e46d343e8f6536eb06c42,250
0x028b0b68d515aa7367211a9160d62bdc320ce211,250
0xafc6db9855d4986682bef3c3c8bab00f28cef689,250
0xb9e8fe67fe47da83e38a9db2c3196839051df8ee,250
0x3c948eb4e74eb436efcb0438a58138c170dbb49c,250
0xcc8260af875bf3e3cd93be1415fffbb6b6e41973,250
0xc7585aba03258fd8c053c3b77ef2c45dcd94039d,250
0x25716de2f8303a8b1b0ddeddc84747447022f702,250
0xae5a9997a5d7b1b9b73c116d0506609a931bc6af,250
0x08aaff375672c706c706411a647ae8f3ce14acbd,250
0x5f25f74f1ae7d9ed6e0c965905e0c0edf301c448,250
0x88e8eac5758f38b859b3e77c3491f17531acf2bc,250
0x09f6d487d497a8bf246ea00b7317f751b61d825e,250
0x1260108ee814acb19b4e0573404e5eecbd2c2e58,250
0x86299200d2d5f092a940ba1d0c1db25ff769d85a,250
0xf013d22996e487cdc63cee6386593c3b4b602161,250
0xc42a929dd4ebaf6f00f35460aa784444d26b63e5,250
0x7a3a3100ee08803aa92bcc57c793468258358d41,250
0xe4db9d2eb2bc68456a513037406f549fa3028d7e,250
0xd7409cb31b7303c6221d70e963b0b667c478a801,250
0xfd3ecbc05caec0658749a096eba02b15f63428f0,250
0x272ba399825c3964d510c42a848c5d291b801abd,250
0xf963f0620bb99fc3902c4a980c5527ebd2ab1e27,250
0x70563a039a70d78b950458598128ddfae7af7c23,250
0x98d5537b0a35cab998e29ee16e467101f78c30c3,250
0xc36aecbab5588004d3825169af2a5bf6b29df077,250
0xcdac82d88cbdeed5ce35b4b1d182db56c2a478ea,250
0xfa75756d277be022257eb40eeb26ea690691f037,250
0x0fc4c71865d4a55a0eb06df8798bf01e8c68adc7,250
0xcdf88e6f7cb65b804fbb60e1f607e511239cbf50,250
0x75088f942b47891eda81b0379bb1f87afa5667ef,250
0x37f01597d3f9d5797053f615e2947eb9b299b806,250
0x3bf7c4a69ae2e58bed1872191a95504e90be5f01,250
0x52fb293c08eb01905c202528f33445134e566521,250
0x106c4bdbe42f1245d89fb479c67be6d6ca705904,250
0x02bf2059f264fd833d45302b288ba2340e164934,250
0x919596bcca16f0c0e572a8742a3ab3d943b56796,250
0x57a94449ae19f6b822c903b8cce373a353bfc642,250
0x80bdd4f7124233a034a844502292a8a147999a7c,250
0x0929708028a0829cd45329474119b44a608793c8,250
0x303ee73cc5cd0ae498d3f2b6261b4c7695706cc1,250
0x63fcf26e1d5fd21e1c15217785c2335c07dd7bc0,250
0xcff1179854138fa6e6ffd21da68b9599f4b9e36e,250
0x7d0b828496c4c30bf90236f7a74e6166db99ea66,250
0x8d6b5eae9abdf76ae45ff81456e5fdf1851cbe27,250
0x0813dae3451aca3d67a9b679ac85425d7ef1e5df,250
0xd5c45b47c452820dc73e39404e5d47cf647014fd,250
0x15188e1034b36b52af14bc8438b2613148adfe3c,250
0x5528f267a90bea4ebef16b09278836e6aabe43f3,250
0x32f49b2ae9190471c02e36c81470d1478d9d857c,250
0xf9f5d4ad77e42cb372453197d4107aaa6db08bac,250
0xde3f4b87ad55b9d4244a047f7df9b7d6f2e3ba0f,250
0x2f4e91588230bed38692137e1ff499ffd0d190ee,250
0x360bcbe4ac946329ac67ecbf10b08a15e501d556,250
0xf28c0b32a6626ce36633a94df3f097b60dbef96a,250
0x3b68ff4950374062375ed0a931037cb5c5bb0327,250
0x84cfa9b878c9b478b0b4b3a0293737f57b1dec2d,250
0xd3e2a7599085fb56295687f9c00885aa0dc4f76d,250
0x4bdbf08d4c9ce6b0e3ac38bbe2efce163d79f7eb,250
0x44b374289adb9baf7130660eb176df4b06dfe002,250
0x8e4fb39bc14f579aa9315b756f954ca11f1edef5,250
0x0679dd4effa52ad417db3356ddbb695fde8bcc0e,250
0xb9d6c53af6f37ae37fdeebc639c45031715589b3,250
0x54f30ce125e79963ee9a73f68b08777f7915faf3,250
0x3bdab22b880e2399f3714f1a141e0c04b94cf75e,250
0xa5f6024107175c8cac69a4f30a588f9632a3325d,250
0xbc793d89e3cbc3e9679c1230820817df6caabc12,250
0xa236a1948f0019bf7c0abd6142e10f1755ae0eb5,250
0x3c73c25e7d26d9a17622d0e598e3239a59da042f,250
0x00c099a8796f7ee4caa81774441fbca21d5ac852,250
0x52fad74d0087cff65264761b15c2c758c14dbabe,250
0x7f9821017369a887f6a2f631e774907535f396f9,250
0x855ae1fb43c061e82e10aff07a44ccfb1024959a,250
0xaf4b4ad92e8b26d1f85ebf92a90406335c0b7833,250
0xbd7c57d22700ef50cff4052a4b8e0c07098d1ca4,250
0x26a41c3540fad23fe43b29e16177961d41c5ff63,250
0x35808857f08ceb3a2ac5baee10c30872c6e08477,250
0x93aa9041ab766fdc2ef99267f4f27ccd6791216e,250
0x99e45e96315c771600bce549c55c5b16ad3eed95,250
0x9b7f347f009219bfbdccc6a6532a10f8c9a0a132,250
0x95230cce600583b96a07d7638e51d9f90bd539e0,250
0xb55708c82de780fbeb4dc735c7d46becf2f05299,250
0xe8f8316d35198d4f57104826fcbace2562ba59a4,250
0x5bf1ed330be67b92acb00ff421d297365c453743,250
0x521081d83b7246c1caec2652af24dbd420c04cf0,250
0x3bccaea8e550da994701d21a33049523fc3488a0,250
0xfaef8adf37caa95aab8f2e092ee54ad12ddbb008,250
0x22e8bb99271b0e1e6515c2a0cc936d4d76a814d3,250
0x9a1000df92f26f9d098c167ed0750043ea98cf20,250
0x61efb91e08978e6a7cae5f1a8ce035116a1c0368,250
0x1b7298b4a127277ba928776dcc62938c0ad59951,250
0x16b47c1a390ac4f0308d051474a0e9b7dd62ac17,250
0xb83c83d79b853d360df1252e6a865e2035571b46,250
0x46dd9370800eaae4df77aebf119742dc4a0d3007,250
0xa178267cd0febae7ca5660e6099b9838485c8e1f,250
0xadb4d28f6bf0545b691c23b7a5fb61df9a6431fe,250
0xa2697a9999930eceece9e1a5189fd099f8d5247f,250
0xe49998c696c845f36292f0dcc02b1a0f44c653c8,250
0x463756538980e0fc000cc1ca66c7bf31d0c42eac,250
0xcae65992811f51f20b5b77765c7aff6aa935b43a,250
0xe44c930e2c6db68f1d1aeca91c7a65cc7682573e,250
0xfd85aa991d6da8899180cbf5b87cdbe4a0578f69,250
0x1665b82037a666413568be4011dbad7a1c9c4a52,250
0x3bded16191c728dcb3266e50a243bb10b7e3e214,250
0x0ba17fc8f5bd8f75bab9b3231dccae772c30b9cd,250
0xa56e59e37f9033e1fad16cbdb20c4e96c17ffa51,250
0xd478b1fc863a913f0714110cdf488d0990571aa4,250
0x335504229892f2773f08529423d0b09d16bb3c5f,250
0xb89ec998d6600dba2b217996e9dd9a19ab762b24,250
0x878b9ae6e0265bf377e23ef70d4a4d8ce6403f87,250
0x4306ea4f74ac5827fa714fc820ec04496dfb83fe,250
0x1539d2b2d3bdb68bb33827db48194d55684fc40e,250
0x9b973c5f3a0dcdc5999ace32b5d106f0a4975f51,250
0xa8ea8a9faae02f843ef5da83fb21d65b43b80b66,250
0xf8f79d5f3863bf9055af9961177de32ccb3b806d,250
0x272153c1fe667f1d2e0de71d245baa661b25c3e5,250
0xe03fd0aff0544510e8fd79b4ff90c6968e2c2cf6,250
0xcc7426d34fb874877cba8a17dfaac4f930b8391f,250
0x5ed4369b562ed1afa52a13dfcd0f77e85ea5a396,250
0x2ae73b33421286fb98b8004dda8ba20e721f3d38,250
0xabe6d5402cda7ea73fb84477b42e294ce2420fa3,250
0xef8aeff96fbb0fdda275c63fbf6be53b0c30d4f2,250
0x881a49061f95b8b623282d9b12da17db1c846fb8,250
0x13fbf8e46b03de2c467057b3576725758a04f945,250
0x2b89dc6cfa47b1dceb607509cb43a181a2d337ff,250
0x87f8ec158a520f12b9d48b749f5c6fff60046d5f,250
0xe3264e89d003e9049dec7ee0e3a3e2c7c572d7d6,250
0x218f2834114f66425f79e5628eb3e7f4fa983223,250
0x8605904d436745969b4da05e7a22c05a899160d9,250
0x2c69f9bc966723b1b39aed89d1b6a5a6add83412,250
0x3290c18f6af4c3b76ee9094ea8e265373b3b69ab,250
0xc6495ff5c2e83952eabe13505367e1ea23cbb525,250
0x0a2a9f408bf5179c5035596bfad3921a7d3c7000,250
0x4a41729ccb2c8b8d81cfcf5c4b8c92ab0a1228c6,250
0x11abc66d0588d39e7743ae73d6c72f0b95063389,250
0xdaec508f4c67132f9dc039dc9716ba3e6c719cbf,250
0x21627b255a1b528d036425b512e5cc22ace92fce,250
0xe3031d4307a19bb2ead89790fa9ecb29e66d85a5,250
0x6c2a16e4c8ec4518c4db633eb0ad5a1042d66403,250
0x819b981373604bffb803bcdf4e5bc9e244cf3452,250
0x79156105624b9108705387c5892a60a93712ed66,250
0xeb81f8c1636015c2727672c1a7f01c585abe70b7,250
0x75dac50e080f5bbef389c752e8f40a6465e18b45,250
0xea8d63bba4d05abdb855ac904da4f15296486a34,250
0x9dcc37fd38a43d2cbc519def0a9fb9d5beec23fc,250
0xc85f33440dabaf533082489beeee6ceee6c14f48,250
0x92f9f0a3dda4afd54383e4be180b261e6d582a13,250
0x41b0f939f6620b4d038b5929afe00b681c722b62,250
0xd4ff7fd86e7b50e52aa841d5f1ba2b0ead02b20b,250
0xb6957adcd6f6864e3d361cc6a386df4f8103df24,250
0x9a0c794d6516da48b246c292be89c9de6af50287,250
0x131828e500d14f8ec85f30c9dde0ad6afa40dc1f,250
0x0ac74c1cbd71d832ceb236d2fb16e85d849d18a0,250
0x33d7b634e3bd6ae780d711066fdc26d78bfa6e74,250
0x4c051b1b6553d57d7685956e09048cfba6da577a,250
0x48705d268ea671d9cc550ac93b17b86ed935cb8e,250
0x0be4664f241448b367d2760e8ca4e2463fec64dd,250
0xcd15203485aecfbcebaeb96884da02275a104fd3,250
0x7aba578761376c888350b83c3c184b401cc62bce,250
0x0ea124f808af3431d3046bb50df391f9821a97ff,250
0xe5c784989c3dac6a655010e2f393803fab6cd6bf,250
0x4938d9d3af3f5b082d9ded41a20e0a4ebfc50a82,250
0x3d5ef7463dcc213e2adbfbf260987ee86b8215aa,250
0xf3289ecc729f5a9ea4544638b3bf4e7ecf13a020,250
0x27f0216013b0f25afdc30390fd5dc45139364bd6,250
0xdaa0c3281ed298cb56dec49bce9887ebf72dfba8,250
0x89eb52af7a3a06bf321c83f189eff8ee2d0095b4,250
0x9244be167989c164482a468b5b085c1df9b8e578,250
0x7d7f40c2e4c3d8282108082b13ed763a4bb2fc37,250
0x5d97e89ed8f5408e0fc7fe19205e38303bf1f977,250
0x28c73db883b5f5cd0cca5c0d5915ef5b12dea04c,250
0x08b313aea08f0392658ca9d42b50483e1eb2cff0,250
0x6c2f34a0fc3ae742c48f61f2b84f47bd8280a006,250
0x681b67a2a40a6ebb05a2c0b93618c6c4f467105c,250
0x23c830c4ac927d4b386c4590bdbcea8edaeb4221,250
0x938245656119829a03ced82e59186e4edec0b2cf,250
0xd3b97512730418097ebe04961619174c3888f0d3,250
0xaf14470f9d779d02f81d9b3b74fd2199e3d79624,250
0x9192635faf5fee42d10e4281881af104989ebacc,250
0x02e8370fde8000e5267c50b7959a62a2d264f9fa,250
0x338012dc318c6628485bc2ff47f2e7a0ce0db569,250
0xd7bd54ca9930d4302dc3427bce323584a8873b8b,250
0x9cdf27bd3a2a64cd9e2a19bd3c272f739afb60ad,250
0xe1ae2560dc4097bc1eb5d25e6218a2e54582636f,250
0x4b685aaebd00afe858b79e7a29b92ecdd602e307,250
0xddafe021b075c84a874d6fac996f46b89e162569,250
0xf5464d903e84d61d2ea5433c57e8ff7a9f8b2a8e,250
0x70afac2bd8ee2326569b39dd89fb63fa2ef41534,250
0x7f4d680dfa65276f2a4059b7206afc868c23d600,250
0xe171f3ebf7a67ee8d172e0fca4e7466b3d52c631,250
0x6a5c5d999ada131d0d130b4984d21307330d1f89,250
0x0d9bfd140f37a7128fec73a1bc450247c55b09bc,250
0xa77837fe1f7550f1f1c2d1147250fe5b77f07d11,250
0xc7e6bbb78b68805331938ed0304ed0bc24542084,250
0xd9d4f8888399b45982b2ca74a4618e80684d9f85,250
0x9379335d401436a918ebaecbd2b842c56d8ce822,250
0xcd0461aebf7bbc18073a94a625d7fcc890efb97d,250
0x67ce07b29ee540930ccc778243b0498733022cac,250
0x9d42fce899fab22f43cdbb9a6c032a559c76f12d,250
0xd64d97e51ef6b2c328864752c82903de5c4fe5c7,250
0x65f6cb33e92e337dcebb274b83d16b62d64a971d,250
0xd4b0dd91d35abbf4a31e43882996f4a7028b9421,250
0x1ce1d970dca880c32fa228843135923d7b214df6,250
0x769556ae1a3768b01b9301b9b2a6019f2049a744,250
0x2d823b1d32d06775c1baa513a8f283821280c4e5,250
0xc4fbcf6e953fd6a2b41c3f30f18543f60cfba45d,250
0xbe6060bd16bb5a1244dab80bae6faea150defa70,250
0x3a27fe1884cbe8786e7927a0c01f9f07cbe20e9b,250
0xe47f5de7365d79d7fd837d0f6bafcebd82baff45,250
0x3aefe53e24ec06a7efc87ddd69ad1319f0517160,250
0xebde4e86b2aa67e9c2f4c397ec6a9b9856eebec3,250
0x96cfce4d9bfa97580514dd6650de39b127cbc94f,250
0x2eff7303febb422475d19bed7192bb1f91fb65bf,250
0xc10f1ef30059c7193d61a048c63dcecd7b32ad21,250
0xd117da2ed475c98f40c80ac240d2e596b4392d13,250
0xf03d4db5e7258f3f8348bb9585219857d008d55f,250
0xcaaa92e10acb977e53cc0ff4f8331dfbee2be0e2,250
0xb6213066c53f733cc4bc06cead8f18ef83c618a6,250
0xa6c8ca6e1f2ac4f782a7d646c13832c9652bde25,250
0x75c4703716d8a999191f4c5dbf1eba8b0f9bbdcc,250
0x8eb8e244e606dc0cbacedc93c11ab2c06e7b18b5,250
0x551961bf60552d39cd2f76c75fc5994963ee11fb,250
0xa7fa2b662d9630878afe0f9c8e5bef2c53c6af83,250
0x47dc2398ee43475fe220a7a471684d9c2180ff06,250
0x71bdaac06573dc7a218bd9a37d8194bcaad226a5,250
0x5b89fdfa8611c1f5037d74e689e20f7b42bfc2b1,250
0xec413230ff4433cdfacbfdd636e1ad3db439d954,250
0xdd0f35774420f2cf97aca1bdb524e8fd3fe3d99b,250
0x2746690ca4136fa394553c100821974825ecb312,250
0xe291938da7693cb681f46d775acd9b72cf16748c,250
0xa08273186d839d932f91b4671eedf993eb7e56f2,250
0x51ca22950eb9323c91fc1e7e60d9b60cb06bec71,250
0x2eaa711bc6c3871a41071bf80973c59c9bcef155,250
0xa18fedfebf496d1462376021692e73dfcfcc9132,250
0x743095ee426ee00138b93902e857289aac8fec8d,250
0x13e9cc533f60e85dac9926be9cd88057d91c07c6,250
0xb281f2b17e6580d2fbaf4a940a59de73e3408e70,250
